0.5625,0.242188,0.757812,0.46875,0.09375,0.671875,
-0.46875,0.242188,0.757812,-0.5625,0.09375,0.671875,
0.625,0.242188,0.671875,0.546875,0.054688,0.5625,
-0.546875,0.242188,0.671875,-0.625,0.054688,0.5625,
0.546875,0.09375,0.6875,0.351562,-0.023438,0.578125,
-0.351562,0.09375,0.6875,-0.546875,-0.023438,0.578125,
0.5,0.164062,0.765625,0.351562,0.03125,0.6875,
-0.351562,0.164062,0.765625,-0.5,0.03125,0.6875,
0.351562,0.132812,0.78125,0.203125,0.03125,0.71875,
-0.203125,0.132812,0.78125,-0.351562,0.03125,0.71875,
0.351562,0.054688,0.71875,0.15625,-0.023438,0.617188,
-0.15625,0.054688,0.71875,-0.351562,-0.023438,0.617188,
0.203125,0.242188,0.742188,0.140625,0.054688,0.648438,
-0.078125,0.242188,0.742188,-0.15625,0.054688,0.648438,
0.273438,0.242188,0.796875,0.140625,0.09375,0.742188,
-0.140625,0.242188,0.796875,-0.273438,0.09375,0.742188,
0.242188,0.390625,0.796875,0.140625,0.242188,0.742188,
-0.140625,0.390625,0.796875,-0.242188,0.242188,0.742188,
0.203125,0.390625,0.742188,0.078125,0.242188,0.65625,
-0.078125,0.4375,0.742188,-0.203125,0.242188,0.648438,
0.351562,0.453125,0.742188,0.15625,0.390625,0.648438,
-0.15625,0.515625,0.71875,-0.351562,0.4375,0.617188,
0.351562,0.390625,0.796875,0.203125,0.328125,0.742188,
-0.203125,0.453125,0.78125,-0.351562,0.359375,0.71875,
0.4375,0.453125,0.78125,0.351562,0.328125,0.71875,
-0.351562,0.453125,0.765625,-0.5,0.328125,0.6875,
0.5,0.515625,0.71875,0.351562,0.390625,0.617188,
-0.351562,0.515625,0.6875,-0.546875,0.390625,0.578125,
0.5625,0.4375,0.6875,0.5,0.242188,0.578125,
-0.546875,0.4375,0.671875,-0.625,0.242188,0.5625,
0.5,0.390625,0.765625,0.4375,0.242188,0.6875,
-0.46875,0.390625,0.757812,-0.5625,0.242188,0.671875,
0.476562,0.328125,0.773438,0.4375,0.242188,0.757812,
-0.4375,0.335938,0.78125,-0.476562,0.242188,0.765625,
0.445312,0.359375,0.78125,0.351562,0.328125,0.765625,
-0.351562,0.375,0.804688,-0.445312,0.335938,0.78125,
0.351562,0.375,0.804688,0.273438,0.328125,0.78125,
-0.265625,0.375,0.820312,-0.351562,0.328125,0.796875,
0.273438,0.335938,0.820312,0.242188,0.242188,0.796875,
-0.226562,0.335938,0.820312,-0.265625,0.242188,0.796875,
0.265625,0.242188,0.820312,0.226562,0.15625,0.796875,
-0.226562,0.242188,0.820312,-0.265625,0.15625,0.796875,
0.351562,0.164062,0.820312,0.265625,0.117188,0.796875,
-0.265625,0.164062,0.820312,-0.351562,0.117188,0.796875,
0.445312,0.15625,0.804688,0.351562,0.117188,0.78125,
-0.351562,0.15625,0.804688,-0.445312,0.117188,0.78125,
0.476562,0.242188,0.78125,0.4375,0.15625,0.765625,
-0.4375,0.242188,0.78125,-0.476562,0.15625,0.765625,
0.476562,0.242188,0.828125,0.351562,0.15625,0.773438,
-0.351562,0.242188,0.828125,-0.476562,0.15625,0.773438,
0.445312,0.242188,0.828125,0.351562,0.117188,0.78125,
-0.351562,0.242188,0.828125,-0.445312,0.117188,0.78125,
0.351562,0.242188,0.828125,0.265625,0.117188,0.804688,
-0.265625,0.242188,0.828125,-0.351562,0.117188,0.804688,
0.351562,0.242188,0.828125,0.226562,0.15625,0.820312,
-0.226562,0.242188,0.828125,-0.351562,0.15625,0.820312,
0.351562,0.335938,0.828125,0.226562,0.242188,0.820312,
-0.226562,0.335938,0.828125,-0.351562,0.242188,0.820312,
0.351562,0.375,0.828125,0.265625,0.242188,0.804688,
-0.265625,0.375,0.828125,-0.351562,0.242188,0.804688,
0.445312,0.375,0.828125,0.351562,0.242188,0.78125,
-0.351562,0.375,0.828125,-0.445312,0.242188,0.78125,
0.476562,0.335938,0.828125,0.351562,0.242188,0.773438,
-0.351562,0.335938,0.828125,-0.476562,0.242188,0.773438,
0.179688,-0.929688,0.632812,0,-0.984375,0.554688,
0,-0.929688,0.640625,-0.164062,-0.984375,0.578125,
0.328125,-0.914062,0.632812,0.179688,-0.96875,0.523438,
-0.164062,-0.914062,0.632812,-0.234375,-0.96875,0.554688,
0.367188,-0.890625,0.632812,0.234375,-0.945312,0.523438,
-0.234375,-0.890625,0.632812,-0.367188,-0.945312,0.523438,
0.367188,-0.695312,0.664062,0.265625,-0.890625,0.53125,
-0.265625,-0.695312,0.664062,-0.367188,-0.890625,0.53125,
0.351562,-0.4375,0.6875,0.25,-0.703125,0.570312,
-0.25,-0.4375,0.6875,-0.351562,-0.703125,0.570312,
0.398438,-0.046875,0.8125,0.125,-0.1875,0.5625,
-0.125,-0.046875,0.8125,-0.398438,-0.1875,0.5625,
0.632812,-0.039062,0.671875,0.398438,-0.140625,0.53125,
-0.398438,0.054688,0.671875,-0.632812,-0.046875,0.539062,
0.726562,0.203125,0.625,0.617188,-0.039062,0.539062,
-0.617188,0.203125,0.625,-0.726562,-0.039062,0.539062,
0.859375,0.429688,0.601562,0.726562,0.148438,0.445312,
-0.726562,0.429688,0.65625,-0.859375,0.203125,0.59375,
0.859375,0.484375,0.65625,0.710938,0.375,0.59375,
-0.6875,0.484375,0.726562,-0.742188,0.375,0.625,
0.710938,0.601562,0.726562,0.492188,0.414062,0.625,
-0.4375,0.601562,0.796875,-0.6875,0.414062,0.6875,
0.492188,0.640625,0.835938,0.3125,0.546875,0.6875,
-0.3125,0.640625,0.835938,-0.492188,0.546875,0.6875,
0.320312,0.757812,0.835938,0.15625,0.640625,0.734375,
-0.15625,0.71875,0.851562,-0.3125,0.617188,0.757812,
0.203125,0.71875,0.851562,0.0625,0.492188,0.75,
-0.0625,0.617188,0.851562,-0.203125,0.429688,0.75,
0.101562,0.492188,0.84375,0,0.429688,0.742188,
0,0.429688,0.84375,-0.101562,0.351562,0.742188,
0.25,0.46875,0.84375,0.101562,0.414062,0.757812,
-0.101562,0.617188,0.851562,-0.25,0.429688,0.757812,
0.3125,0.640625,0.851562,0.203125,0.46875,0.757812,
-0.203125,0.640625,0.851562,-0.3125,0.46875,0.757812,
0.4375,0.546875,0.796875,0.328125,0.4375,0.71875,
-0.3125,0.640625,0.835938,-0.4375,0.476562,0.742188,
0.6875,0.4375,0.726562,0.429688,0.375,0.664062,
-0.429688,0.546875,0.796875,-0.6875,0.414062,0.71875,
0.742188,0.375,0.664062,0.601562,0.296875,0.648438,
-0.601562,0.414062,0.726562,-0.742188,0.375,0.65625,
0.726562,0.296875,0.648438,0.625,0.1875,0.601562,
-0.640625,0.375,0.65625,-0.742188,0.203125,0.601562,
0.625,0.1875,0.671875,0.492188,0.054688,0.625,
-0.617188,0.203125,0.648438,-0.726562,0.054688,0.601562,
0.492188,0.0625,0.703125,0.375,-0.046875,0.671875,
-0.398438,0.0625,0.671875,-0.617188,-0.046875,0.625,
0.375,0.09375,0.8125,0.125,-0.101562,0.703125,
-0.125,0.015625,0.8125,-0.398438,-0.101562,0.671875,
0.203125,0.09375,0.8125,0,-0.101562,0.726562,
0,0.09375,0.8125,-0.203125,-0.101562,0.726562,
0.164062,0.429688,0.84375,0.101562,0.304688,0.765625,
0,0.429688,0.84375,-0.125,0.304688,0.765625,
0.132812,0.304688,0.765625,0,0.210938,0.757812,
0,0.304688,0.765625,-0.132812,0.210938,0.757812,
0.164062,0.210938,0.765625,0,0.046875,0.726562,
0,0.210938,0.765625,-0.164062,0.140625,0.75,
0.164062,-0.882812,0.695312,0,-0.945312,0.632812,
0,-0.882812,0.695312,-0.164062,-0.945312,0.632812,
0.234375,-0.835938,0.710938,0.117188,-0.929688,0.632812,
-0.117188,-0.835938,0.710938,-0.234375,-0.929688,0.632812,
0.265625,-0.71875,0.734375,0.109375,-0.835938,0.664062,
-0.117188,-0.820312,0.710938,-0.265625,-0.914062,0.632812,
0.25,-0.445312,0.734375,0.117188,-0.703125,0.6875,
-0.117188,-0.445312,0.734375,-0.25,-0.703125,0.6875,
0.25,-0.6875,0.734375,0.109375,-0.71875,0.6875,
-0.109375,-0.6875,0.734375,-0.25,-0.71875,0.6875,
0.085938,-0.289062,0.75,0,-0.445312,0.742188,
0,-0.328125,0.75,-0.078125,-0.445312,0.742188,
0.117188,-0.445312,0.75,0,-0.6875,0.734375,
0,-0.445312,0.75,-0.078125,-0.679688,0.734375,
0.109375,-0.679688,0.735375,0,-0.765625,0.734375,
0,-0.679688,0.735375,-0.117188,-0.71875,0.734375,
0.125,-0.226562,0.78125,0.085938,-0.289062,0.742188,
-0.085938,-0.226562,0.78125,-0.125,-0.289062,0.742188,
0.132812,-0.148438,0.796875,0.101562,-0.226562,0.742188,
-0.101562,-0.148438,0.796875,-0.132812,-0.226562,0.742188,
0.101562,-0.125,0.78125,0,-0.148438,0.742188,
-0.039062,-0.125,0.78125,-0.109375,-0.148438,0.742188,
0.001,-0.140625,0.796875,0,-0.195312,0.742188,
0,-0.125,0.796875,-0.039062,-0.1875,0.742188,
0.085938,-0.289062,0.78125,0,-0.328125,0.742188,
0,-0.273438,0.78125,-0.09375,-0.320312,0.742188,
0.09375,-0.273438,0.804688,0,-0.320312,0.78125,
0,-0.25,0.804688,-0.09375,-0.289062,0.78125,
0.046875,-0.125,0.8125,0,-0.1875,0.78125,
0,-0.125,0.8125,-0.046875,-0.1875,0.78125,
0.109375,-0.125,0.8125,0.039062,-0.15625,0.78125,
-0.039062,-0.125,0.8125,-0.109375,-0.15625,0.78125,
0.132812,-0.132812,0.8125,0.09375,-0.226562,0.78125,
-0.09375,-0.15625,0.828125,-0.132812,-0.226562,0.796875,
0.132812,-0.226562,0.804688,0.078125,-0.273438,0.78125,
-0.078125,-0.226562,0.804688,-0.132812,-0.273438,0.78125,
0.109375,-0.148438,0.828125,0,-0.226562,0.8125,
-0.046875,-0.148438,0.828125,-0.109375,-0.226562,0.8125,
0.109375,-0.203125,0.828125,0,-0.25,0.804688,
0,-0.203125,0.828125,-0.109375,-0.25,0.804688,
0.125,0.046875,0.8125,0,-0.140625,0.726562,
0,0.046875,0.8125,-0.125,-0.140625,0.726562,
0.164062,-0.101562,0.8125,0.101562,-0.242188,0.710938,
-0.101562,-0.101562,0.8125,-0.164062,-0.242188,0.710938,
0.164062,-0.226562,0.75,0.085938,-0.289062,0.710938,
-0.085938,-0.242188,0.742188,-0.179688,-0.3125,0.710938,
0.179688,-0.289062,0.75,0.078125,-0.445312,0.710938,
-0.078125,-0.3125,0.75,-0.210938,-0.445312,0.710938,
0.3125,-0.3125,0.710938,0.210938,-0.445312,0.554688,
-0.179688,-0.3125,0.710938,-0.257812,-0.445312,0.554688,
0.257812,-0.25,0.710938,0.179688,-0.3125,0.554688,
-0.164062,-0.242188,0.710938,-0.234375,-0.3125,0.554688,
0.234375,-0.1875,0.710938,0.164062,-0.25,0.554688,
-0.164062,-0.1875,0.710938,-0.234375,-0.25,0.554688,
0.109375,-0.71875,0.734375,0,-0.765625,0.726562,
0,-0.742188,0.734375,-0.09375,-0.773438,0.71875,
0.117188,-0.742188,0.726562,0.09375,-0.835938,0.710938,
-0.09375,-0.742188,0.726562,-0.117188,-0.835938,0.710938,
0.09375,-0.820312,0.710938,0.046875,-0.882812,0.6875,
-0.046875,-0.820312,0.710938,-0.09375,-0.882812,0.6875,
0.046875,-0.867188,0.6885,0,-0.890625,0.6875,
0,-0.867188,0.6885,-0.046875,-0.890625,0.6875,
0.046875,-0.859375,0.6875,0,-0.875,0.632812,
0,-0.851562,0.6875,-0.046875,-0.867188,0.632812,
0.09375,-0.8125,0.6875,0.046875,-0.867188,0.632812,
-0.046875,-0.8125,0.6875,-0.09375,-0.867188,0.632812,
0.09475,-0.75,0.710938,0.09375,-0.820312,0.640625,
-0.09275,-0.75,0.710938,-0.09375,-0.820312,0.640625,
0.09375,-0.742188,0.726562,0,-0.773438,0.664062,
0,-0.75,0.71875,-0.09375,-0.78125,0.65625,
0.09375,-0.75,0.664062,0,-0.851562,0.632812,
0,-0.75,0.664062,-0.09375,-0.851562,0.632812,
0.09375,-0.75,0.664062,0.046875,-0.851562,0.632812,
-0.046875,-0.75,0.664062,-0.09375,-0.851562,0.632812,
0.1875,0.21875,0.78125,0.132812,0.15625,0.757812,
-0.132812,0.21875,0.78125,-0.1875,0.15625,0.757812,
0.179688,0.304688,0.78125,0.125,0.21875,0.765625,
-0.125,0.304688,0.78125,-0.179688,0.21875,0.765625,
0.210938,0.414062,0.78125,0.125,0.304688,0.765625,
-0.125,0.375,0.78125,-0.210938,0.296875,0.765625,
0.203125,0.15625,0.773438,0.164062,0.09375,0.742188,
-0.1875,0.15625,0.78125,-0.226562,0.09375,0.742188,
0.375,0.109375,0.78125,0.203125,0.0625,0.742188,
-0.203125,0.109375,0.78125,-0.375,0.0625,0.742188,
0.476562,0.101562,0.742188,0.375,0.015625,0.703125,
-0.375,0.101562,0.742188,-0.476562,0.015625,0.703125,
0.578125,0.195312,0.71875,0.476562,0.0625,0.671875,
-0.476562,0.195312,0.71875,-0.578125,0.0625,0.671875,
0.625,0.289062,0.6875,0.578125,0.1875,0.648438,
-0.578125,0.289062,0.6875,-0.625,0.1875,0.648438,
0.640625,0.375,0.6875,0.585938,0.289062,0.648438,
-0.5625,0.375,0.695312,-0.601562,0.289062,0.664062,
0.601562,0.4375,0.71875,0.429688,0.351562,0.664062,
-0.421875,0.4375,0.773438,-0.5625,0.351562,0.695312,
0.429688,0.4375,0.773438,0.335938,0.398438,0.71875,
-0.335938,0.4375,0.773438,-0.429688,0.398438,0.71875,
0.335938,0.476562,0.773438,0.273438,0.421875,0.742188,
-0.273438,0.476562,0.773438,-0.335938,0.421875,0.742188,
0.273438,0.46875,0.78125,0.210938,0.375,0.757812,
-0.210938,0.46875,0.78125,-0.273438,0.375,0.757812,
0.28125,0.421875,0.78125,0.210938,0.375,0.765625,
-0.210938,0.398438,0.78125,-0.28125,0.359375,0.757812,
0.335938,0.429688,0.765625,0.28125,0.398438,0.75,
-0.28125,0.429688,0.765625,-0.335938,0.398438,0.75,
0.421875,0.429688,0.773438,0.335938,0.390625,0.75,
-0.335938,0.429688,0.757812,-0.414062,0.390625,0.75,
0.5625,0.398438,0.773438,0.421875,0.335938,0.679688,
-0.414062,0.398438,0.773438,-0.53125,0.335938,0.679688,
0.585938,0.335938,0.6875,0.53125,0.28125,0.671875,
-0.53125,0.335938,0.6875,-0.585938,0.28125,0.671875,
0.585938,0.289062,0.6875,0.546875,0.195312,0.671875,
-0.546875,0.289062,0.6875,-0.585938,0.210938,0.671875,
0.546875,0.210938,0.71875,0.460938,0.101562,0.671875,
-0.460938,0.210938,0.71875,-0.546875,0.101562,0.671875,
0.476562,0.101562,0.742188,0.375,0.0625,0.71875,
-0.375,0.117188,0.726562,-0.476562,0.085938,0.703125,
0.375,0.125,0.78125,0.226562,0.0625,0.742188,
-0.242188,0.125,0.757812,-0.375,0.0625,0.726562,
0.242188,0.171875,0.773438,0.1875,0.125,0.75,
-0.1875,0.171875,0.773438,-0.242188,0.125,0.75,
0.234375,0.375,0.78125,0.195312,0.296875,0.757812,
-0.195312,0.375,0.78125,-0.234375,0.296875,0.757812,
0.195312,0.296875,0.78125,0.179688,0.226562,0.75,
-0.179688,0.296875,0.78125,-0.195312,0.226562,0.75,
0.203125,0.226562,0.78125,0.171875,0.171875,0.75,
-0.171875,0.226562,0.78125,-0.203125,0.171875,0.75,
0.109375,0.460938,0.742188,0,0.40625,0.601562,
0,0.460938,0.742188,-0.109375,0.40625,0.601562,
0.195312,0.664062,0.75,0.0625,0.460938,0.609375,
-0.0625,0.664062,0.75,-0.195312,0.460938,0.609375,
0.320312,0.757812,0.757812,0.15625,0.664062,0.617188,
-0.195312,0.757812,0.734375,-0.335938,0.664062,0.59375,
0.492188,0.757812,0.734375,0.320312,0.601562,0.59375,
-0.335938,0.6875,0.6875,-0.492188,0.554688,0.554688,
0.710938,0.601562,0.6875,0.484375,0.484375,0.554688,
-0.484375,0.554688,0.625,-0.710938,0.453125,0.492188,
0.796875,0.484375,0.625,0.679688,0.40625,0.460938,
-0.679688,0.484375,0.625,-0.796875,0.40625,0.460938,
0.859375,0.429688,0.59375,0.796875,0.148438,0.445312,
-0.773438,0.40625,0.460938,-0.828125,0.148438,0.375,
0.828125,0.164062,0.445312,0.601562,0,0.375,
-0.601562,0.164062,0.445312,-0.828125,0,0.375,
0.632812,0,0.539062,0.4375,-0.09375,0.414062,
-0.4375,0,0.539062,-0.632812,-0.09375,0.414062,
0.125,-0.484375,0.359375,0,-0.570312,0.28125,
0,-0.414062,0.359375,-0.179688,-0.539062,0.257812,
0.140625,-0.570312,0.367188,0,-0.804688,0.320312,
0,-0.539062,0.367188,-0.140625,-0.757812,0.320312,
0.164062,-0.804688,0.460938,0,-0.976562,0.34375,
0,-0.757812,0.4375,-0.164062,-0.945312,0.34375,
0.179688,-0.945312,0.554688,0,-0.976562,0.4375,
0,-0.945312,0.554688,-0.179688,-0.976562,0.4375,
0.328125,-0.914062,0.523438,0.164062,-0.945312,0.398438,
-0.164062,-0.914062,0.523438,-0.328125,-0.945312,0.398438,
0.367188,-0.710938,0.53125,0.289062,-0.914062,0.382812,
-0.289062,-0.710938,0.53125,-0.367188,-0.914062,0.382812,
0.351562,-0.5,0.570312,0.25,-0.710938,0.382812,
-0.25,-0.5,0.570312,-0.351562,-0.710938,0.382812,
0.289062,-0.5,0.390625,0.125,-0.710938,0.359375,
-0.125,-0.5,0.390625,-0.289062,-0.710938,0.359375,
0.328125,-0.710938,0.398438,0.140625,-0.914062,0.367188,
-0.140625,-0.757812,0.4375,-0.328125,-0.945312,0.367188,
0.25,-0.351562,0.40625,0.179688,-0.5,0.257812,
-0.125,-0.414062,0.390625,-0.25,-0.539062,0.257812,
0.3125,-0.351562,0.570312,0.234375,-0.5,0.390625,
-0.234375,-0.351562,0.570312,-0.3125,-0.5,0.390625,
0.257812,-0.25,0.554688,0.21875,-0.3125,0.429688,
-0.210938,-0.226562,0.554688,-0.234375,-0.28125,0.429688,
0.3125,-0.3125,0.570312,0.234375,-0.4375,0.40625,
-0.21875,-0.28125,0.554688,-0.257812,-0.351562,0.40625,
0.234375,-0.171875,0.5625,0.203125,-0.25,0.5,
-0.203125,-0.171875,0.554688,-0.234375,-0.25,0.46875,
0.4375,-0.140625,0.5625,0.203125,-0.1875,0.5,
-0.203125,-0.09375,0.53125,-0.4375,-0.171875,0.46875,
0.335938,0.070312,-0.664062,0,-0.195312,-0.828125,
0,0.054688,-0.539062,-0.34375,-0.195312,-0.671875,
0.34375,-0.148438,-0.351562,0,-0.382812,-0.671875,
0,-0.148438,-0.265625,-0.34375,-0.382812,-0.539062,
0.210938,-0.382812,0.1875,0,-0.460938,-0.351562,
0,-0.382812,0.1875,-0.210938,-0.460938,-0.351562,
0.179688,-0.414062,0.28125,0,-0.484375,0.1875,
0,-0.414062,0.28125,-0.179688,-0.484375,0.1875,
0.234375,-0.28125,0.429688,0.179688,-0.414062,0.257812,
-0.179688,-0.28125,0.429688,-0.21875,-0.414062,0.164062,
0.851562,0.234375,0.375,0.734375,-0.046875,0.054688,
-0.734375,0.234375,0.375,-0.851562,-0.046875,0.054688,
0.460938,0.5625,-0.703125,0,0.070312,-0.851562,
0,0.4375,-0.664062,-0.460938,0.054688,-0.828125,
0.453125,0.984375,0.289062,0,0.851562,-0.078125,
0,0.984375,0.234375,-0.453125,0.851562,-0.078125,
0.453125,0.984375,-0.078125,0,0.867188,-0.546875,
0,0.984375,-0.078125,-0.453125,0.867188,-0.546875,
0.460938,0.898438,-0.546875,0,0.4375,-0.851562,
0,0.898438,-0.546875,-0.460938,0.4375,-0.851562,
0.726562,0.453125,0.492188,0.632812,0.40625,0.28125,
-0.632812,0.453125,0.492188,-0.726562,0.40625,0.28125,
0.796875,0.703125,0.28125,0.632812,0.453125,0.054688,
-0.632812,0.703125,0.28125,-0.796875,0.453125,0.054688,
0.796875,0.75,0.054688,0.640625,0.617188,-0.195312,
-0.640625,0.75,0.054688,-0.796875,0.617188,-0.195312,
0.796875,0.75,-0.195312,0.640625,0.539062,-0.445312,
-0.640625,0.75,-0.195312,-0.796875,0.539062,-0.445312,
0.796875,0.539062,-0.359375,0.617188,0.265625,-0.585938,
-0.617188,0.679688,-0.359375,-0.796875,0.328125,-0.585938,
0.640625,0.679688,-0.445312,0.460938,0.328125,-0.703125,
-0.460938,0.679688,-0.445312,-0.640625,0.328125,-0.703125,
0.640625,0.867188,-0.195312,0.453125,0.679688,-0.445312,
-0.453125,0.867188,-0.195312,-0.640625,0.679688,-0.445312,
0.640625,0.929688,0.054688,0.453125,0.703125,-0.195312,
-0.453125,0.929688,0.054688,-0.640625,0.703125,-0.195312,
0.640625,0.851562,0.28125,0.453125,0.453125,0.054688,
-0.453125,0.851562,0.28125,-0.640625,0.453125,0.054688,
0.679688,0.554688,0.554688,0.460938,0.453125,0.429688,
-0.460938,0.523438,0.492188,-0.679688,0.453125,0.28125,
0.460938,0.898438,0.570312,0,0.523438,0.289062,
0,0.898438,0.429688,-0.460938,0.523438,0.234375,
0.484375,0.6875,0.609375,0.109375,0.460938,0.554688,
-0.109375,0.6875,0.609375,-0.484375,0.460938,0.554688,
0.460938,0.570312,0.609375,0,0.460938,0.429688,
0,0.570312,0.609375,-0.460938,0.460938,0.429688,
0.109375,0.570312,0.609375,0,0.40625,0.570312,
0,0.570312,0.609375,-0.109375,0.40625,0.570312,
0.796875,0.40625,0.460938,0.726562,0.164062,0.335938,
-0.726562,0.40625,0.375,-0.851562,0.164062,0.054688,
0.851562,0.5625,0.335938,0.726562,0.234375,0.054688,
-0.726562,0.5625,0.335938,-0.851562,0.234375,0.054688,
0.859375,0.617188,0.125,0.796875,0.320312,-0.117188,
-0.796875,0.617188,0.125,-0.859375,0.320312,-0.117188,
0.820312,0.539062,-0.203125,0.773438,0.265625,-0.4375,
-0.796875,0.617188,-0.117188,-0.820312,0.328125,-0.359375,
0.40625,-0.171875,0.164062,0.210938,-0.390625,-0.265625,
-0.296875,-0.171875,0.148438,-0.429688,-0.3125,-0.265625,
0.734375,-0.046875,0.148438,0.40625,-0.171875,-0.164062,
-0.40625,-0.125,0.148438,-0.59375,-0.195312,-0.210938,
0.734375,0,0.414062,0.40625,-0.171875,0.070312,
-0.40625,0,0.414062,-0.734375,-0.171875,0.070312,
0.4375,-0.09375,0.46875,0.21875,-0.28125,0.148438,
-0.21875,-0.09375,0.46875,-0.4375,-0.28125,0.148438,
0.40625,-0.171875,0.429688,0.210938,-0.390625,0.148438,
-0.210938,-0.171875,0.429688,-0.40625,-0.390625,0.148438,
0.4375,-0.09375,0.5,0.203125,-0.226562,0.46875,
-0.203125,-0.09375,0.5,-0.4375,-0.226562,0.46875,
0.773438,0.328125,-0.429688,0.617188,-0.007812,-0.585938,
-0.484375,0.328125,-0.429688,-0.640625,-0.007812,-0.585938,
0.617188,0.4375,-0.585938,0.335938,0.054688,-0.703125,
-0.335938,0.328125,-0.546875,-0.617188,0.023438,-0.664062,
0.640625,-0.00781199,-0.164062,0.429688,-0.195312,-0.429688,
-0.429688,0.023438,-0.210938,-0.640625,-0.195312,-0.546875,
0.429688,-0.148438,-0.210938,0.296875,-0.3125,-0.539062,
-0.34375,0.023438,-0.210938,-0.484375,-0.195312,-0.546875,
0.484375,0.054688,-0.539062,0.335938,-0.148438,-0.664062,
-0.335938,0.054688,-0.539062,-0.484375,-0.148438,-0.664062,
1.02344,0.476562,-0.234375,0.890625,0.40625,-0.3125,
-0.890625,0.414062,-0.21875,-1.01563,0.359375,-0.289062,
1.23438,0.507812,-0.3125,1.02344,0.4375,-0.421875,
-1.02344,0.507812,-0.3125,-1.23438,0.4375,-0.421875,
1.35156,0.507812,-0.390625,1.1875,0.320312,-0.421875,
-1.1875,0.4375,-0.390625,-1.35156,0.289062,-0.421875,
1.35156,0.320312,-0.40625,1.26563,0.054688,-0.429688,
-1.21094,0.289062,-0.40625,-1.28125,0.054688,-0.429688,
1.28125,0.078125,-0.328125,1.03906,-0.101562,-0.429688,
-1.03125,0.078125,-0.304688,-1.21094,-0.101562,-0.40625,
1.03906,-0.070312,-0.125,0.773438,-0.140625,-0.328125,
-0.773438,-0.070312,-0.125,-1.03906,-0.140625,-0.328125,
1.03125,-0.023438,-0.132812,0.828125,-0.070312,-0.304688,
-0.828125,-0.023438,-0.132812,-1.03125,-0.070312,-0.304688,
1.21094,0.078125,-0.304688,1.03125,-0.039062,-0.40625,
-1.03125,0.078125,-0.304688,-1.21094,-0.039062,-0.40625,
1.26563,0.289062,-0.40625,1.21094,0.078125,-0.445312,
-1.1875,0.25,-0.40625,-1.23438,0.078125,-0.445312,
1.26563,0.4375,-0.390625,1.17188,0.289062,-0.4375,
-1.17188,0.359375,-0.40625,-1.26563,0.25,-0.445312,
1.1875,0.4375,-0.289062,1.01563,0.34375,-0.390625,
-1.02344,0.4375,-0.359375,-1.1875,0.34375,-0.4375,
1.02344,0.414062,-0.289062,0.945312,0.304688,-0.359375,
-0.945312,0.414062,-0.289062,-1.02344,0.304688,-0.359375,
0.734375,0,0.070312,0.59375,-0.125,-0.164062,
-0.59375,0,-0.070312,-0.726562,-0.125,-0.171875,
0.773438,-0.023438,-0.125,0.59375,-0.140625,-0.171875,
-0.71875,-0.023438,-0.125,-0.828125,-0.140625,-0.171875,
0.859375,0.320312,0.054688,0.726562,0,-0.070312,
-0.726562,0.320312,0.054688,-0.859375,0,-0.070312,
0.921875,0.40625,-0.203125,0.820312,0.328125,-0.234375,
-0.820312,0.40625,-0.203125,-0.921875,0.328125,-0.234375,
0.828125,-0.015625,-0.132812,0.71875,-0.070312,-0.273438,
-0.71875,-0.015625,-0.132812,-0.828125,-0.070312,-0.273438,
0.84375,0.039062,-0.1875,0.71875,-0.015625,-0.273438,
-0.71875,0.039062,-0.171875,-0.8125,-0.023438,-0.273438,
0.84375,0.09375,-0.272438,0.757812,0.015625,-0.273438,
-0.757812,0.09375,-0.272438,-0.84375,0.015625,-0.273438,
0.835938,0.203125,-0.210938,0.757812,0.09375,-0.273438,
-0.71875,0.203125,-0.1875,-0.796875,0.039062,-0.273438,
0.890625,0.289062,-0.210938,0.796875,0.203125,-0.265625,
-0.796875,0.242188,-0.210938,-0.890625,0.171875,-0.273438,
0.945312,0.359375,-0.210938,0.84375,0.289062,-0.289062,
-0.84375,0.304688,-0.210938,-0.945312,0.242188,-0.289062,
0.859375,0.328125,-0.046875,0.820312,0.289062,-0.210938,
-0.820312,0.328125,-0.046875,-0.859375,0.289062,-0.210938,
0.859375,0.320312,-0.046875,0.726562,0,-0.210938,
-0.71875,0.203125,-0.070312,-0.796875,0,-0.210938,
0.726562,0.039062,-0.070312,0.71875,-0.023438,-0.1875,
-0.71875,0.039062,-0.070312,-0.726562,-0.023438,-0.1875,
0.953125,0.304688,-0.289062,0.890625,0.234375,-0.34375,
-0.890625,0.304688,-0.289062,-0.953125,0.234375,-0.34375,
0.890625,0.242188,-0.265625,0.835938,0.171875,-0.320312,
-0.835938,0.234375,-0.273438,-0.890625,0.171875,-0.320312,
0.84375,0.171875,-0.273438,0.765625,0.09375,-0.320312,
-0.765625,0.171875,-0.273438,-0.84375,0.09375,-0.320312,
0.820312,0.09375,-0.273438,0.757812,0.085938,-0.320312,
-0.765625,0.09375,-0.273438,-0.828125,0.078125,-0.320312,
0.84375,0.085938,-0.273438,0.820312,0.015625,-0.320312,
-0.828125,0.078125,-0.273438,-0.851562,0.015625,-0.320312,
0.851562,0.015625,-0.273438,0.8125,-0.015625,-0.320312,
-0.8125,0.015625,-0.273438,-0.851562,-0.015625,-0.320312,
0.882812,-0.014625,-0.265625,0.8125,-0.015625,-0.320312,
-0.8125,-0.014625,-0.265625,-0.882812,-0.015625,-0.320312,
1.03906,0.34375,-0.34375,0.953125,0.289062,-0.414062,
-0.953125,0.34375,-0.34375,-1.03906,0.289062,-0.414062,
1.1875,0.359375,-0.414062,1.03906,0.328125,-0.484375,
-1.03906,0.359375,-0.414062,-1.1875,0.328125,-0.484375,
1.25781,0.34375,-0.445312,1.1875,0.242188,-0.492188,
-1.1875,0.34375,-0.445312,-1.25781,0.242188,-0.492188,
1.23438,0.25,-0.445312,1.1875,0.085938,-0.484375,
-1.21094,0.25,-0.445312,-1.25781,0.085938,-0.492188,
1.1875,0.09375,-0.367188,1.03906,0,-0.445312,
-1.04688,0.09375,-0.421875,-1.21094,0,-0.484375,
1.03906,0,-0.210938,0.882812,-0.023438,-0.367188,
-0.882812,0,-0.265625,-1.04688,-0.015625,-0.421875,
0.890625,0.109375,-0.320312,0.828125,0.015625,-0.328125,
-0.851562,0.109375,-0.320312,-0.9375,0.015625,-0.335938,
0.960938,0.171875,-0.328125,0.890625,0.0625,-0.351562,
-0.9375,0.171875,-0.335938,-1,0.0625,-0.367188,
1.05469,0.234375,-0.351562,0.960938,0.171875,-0.382812,
-0.960938,0.234375,-0.351562,-1.05469,0.171875,-0.382812,
1.08594,0.273438,-0.375,1.01563,0.1875,-0.390625,
-1.05469,0.273438,-0.382812,-1.10938,0.1875,-0.390625,
1.08594,0.328125,-0.375,1.01563,0.234375,-0.414062,
-1.01563,0.328125,-0.375,-1.08594,0.234375,-0.414062,
0.960938,0.289062,-0.320312,0.890625,0.171875,-0.351562,
-0.953125,0.289062,-0.34375,-1.01563,0.171875,-0.375,
0.960938,0.234375,-0.320312,0.84375,0.171875,-0.351562,
-0.84375,0.171875,-0.320312,-0.960938,0.109375,-0.351562,
0.84375,0.171875,-0.319312,0.765625,0.078125,-0.320312,
-0.765625,0.171875,-0.319312,-0.84375,0.078125,-0.320312,
0.882812,0.015625,-0.265625,0.8125,-0.015625,-0.320312,
-0.851562,0.0625,-0.265625,-0.9375,-0.015625,-0.335938,
1.04688,0.0625,-0.265625,0.882812,-0.015625,-0.421875,
-0.882812,0.0625,-0.265625,-1.04688,-0.015625,-0.421875,
1.21094,0.1875,-0.382812,1.04688,0,-0.484375,
-1,0.1875,-0.367188,-1.05469,0,-0.421875,
1.25781,0.242188,-0.390625,1.10938,0.085938,-0.492188,
-1.05469,0.210938,-0.382812,-1.21094,0.085938,-0.484375,
1.25781,0.34375,-0.390625,1.10938,0.210938,-0.492188,
-1.10938,0.34375,-0.390625,-1.25781,0.210938,-0.492188,
1.1875,0.34375,-0.390625,1.03906,0.273438,-0.484375,
-1.03906,0.34375,-0.390625,-1.1875,0.273438,-0.484375,
1.03906,-0.085938,-0.328125,0.789062,-0.125,-0.492188,
-0.789062,-0.085938,-0.328125,-1.03906,-0.125,-0.492188,
1.3125,0.054688,-0.429688,1.03906,-0.085938,-0.53125,
-1.03906,0.054688,-0.429688,-1.3125,-0.085938,-0.53125,
1.36719,0.320312,-0.421875,1.28125,0.054688,-0.5,
-1.28125,0.296875,-0.429688,-1.36719,0.054688,-0.53125,
1.35156,0.507812,-0.421875,1.23438,0.320312,-0.546875,
-1.25,0.46875,-0.421875,-1.36719,0.296875,-0.546875,
1.23438,0.507812,-0.3125,1.02344,0.4375,-0.484375,
-1.02344,0.507812,-0.421875,-1.25,0.4375,-0.546875,
1.02344,0.476562,-0.234375,0.859375,0.382812,-0.382812,
-0.859375,0.476562,-0.3125,-1.02344,0.382812,-0.484375,
1.03906,0.4375,-0.382812,0.859375,-0.085938,-0.492188,
-0.789062,0.382812,-0.328125,-1.03906,-0.125,-0.492188,
1.3125,0.4375,-0.484375,1.02344,-0.085938,-0.53125,
-1.02344,0.4375,-0.484375,-1.3125,-0.085938,-0.53125,
1.36719,0.46875,-0.5,1.25,0.054688,-0.546875,
-1.25,0.46875,-0.5,-1.36719,0.054688,-0.546875,
0.859375,0.382812,-0.203125,0.773438,0.265625,-0.4375,
-0.820312,0.40625,-0.203125,-0.890625,0.328125,-0.382812,
0.789062,0.265625,-0.328125,0.640625,-0.125,-0.4375,
-0.640625,0.265625,-0.328125,-0.789062,-0.125,-0.4375,
0.789062,-0.125,-0.125,0.59375,-0.140625,-0.328125,
-0.59375,-0.125,-0.125,-0.789062,-0.140625,-0.328125,
0.5,0.242188,0.765625,0.4375,0.09375,0.6875,
-0.4375,0.242188,0.765625,-0.5,0.09375,0.6875,
0.5625,0.242188,0.6875,0.5,0.054688,0.578125,
-0.5,0.242188,0.6875,-0.5625,0.054688,0.578125,
0.5,0.09375,0.71875,0.351562,-0.023438,0.617188,
-0.351562,0.09375,0.71875,-0.5,-0.023438,0.617188,
0.4375,0.164062,0.78125,0.351562,0.03125,0.71875,
-0.351562,0.164062,0.78125,-0.4375,0.03125,0.71875,
0.351562,0.164062,0.796875,0.203125,0.09375,0.742188,
-0.203125,0.164062,0.796875,-0.351562,0.09375,0.742188,
0.351562,0.09375,0.742188,0.15625,0.03125,0.648438,
-0.15625,0.09375,0.742188,-0.351562,0.03125,0.648438,
0.15625,0.242188,0.742188,0.078125,0.054688,0.648438,
-0.140625,0.242188,0.742188,-0.203125,0.054688,0.648438,
0.273438,0.242188,0.796875,0.140625,0.164062,0.742188,
-0.140625,0.242188,0.796875,-0.273438,0.164062,0.742188,
0.273438,0.390625,0.796875,0.203125,0.242188,0.742188,
-0.203125,0.390625,0.796875,-0.273438,0.242188,0.742188,
0.203125,0.4375,0.742188,0.078125,0.242188,0.648438,
-0.078125,0.390625,0.742188,-0.203125,0.242188,0.65625,
0.351562,0.515625,0.71875,0.15625,0.4375,0.617188,
-0.15625,0.453125,0.742188,-0.351562,0.390625,0.648438,
0.351562,0.453125,0.78125,0.203125,0.359375,0.71875,
-0.203125,0.390625,0.796875,-0.351562,0.328125,0.742188,
0.5,0.453125,0.765625,0.351562,0.328125,0.6875,
-0.351562,0.453125,0.78125,-0.4375,0.328125,0.71875,
0.546875,0.515625,0.6875,0.351562,0.390625,0.578125,
-0.351562,0.515625,0.71875,-0.5,0.390625,0.617188,
0.625,0.4375,0.671875,0.546875,0.242188,0.5625,
-0.5,0.4375,0.6875,-0.5625,0.242188,0.578125,
0.5625,0.390625,0.757812,0.46875,0.242188,0.671875,
-0.4375,0.390625,0.765625,-0.5,0.242188,0.6875,
0.476562,0.335938,0.78125,0.4375,0.242188,0.765625,
-0.4375,0.328125,0.773438,-0.476562,0.242188,0.757812,
0.445312,0.375,0.804688,0.351562,0.335938,0.78125,
-0.351562,0.359375,0.78125,-0.445312,0.328125,0.765625,
0.351562,0.375,0.820312,0.265625,0.328125,0.796875,
-0.273438,0.375,0.804688,-0.351562,0.328125,0.78125,
0.265625,0.335938,0.820312,0.226562,0.242188,0.796875,
-0.242188,0.335938,0.820312,-0.273438,0.242188,0.796875,
0.273438,0.242188,0.820312,0.242188,0.15625,0.796875,
-0.242188,0.242188,0.820312,-0.273438,0.15625,0.796875,
0.351562,0.164062,0.804688,0.273438,0.117188,0.78125,
-0.273438,0.164062,0.804688,-0.351562,0.117188,0.78125,
0.445312,0.164062,0.78125,0.351562,0.132812,0.765625,
-0.351562,0.164062,0.78125,-0.445312,0.132812,0.765625,
0.476562,0.242188,0.773438,0.4375,0.164062,0.757812,
-0.4375,0.242188,0.773438,-0.476562,0.164062,0.757812,
0.164062,-0.929688,0.640625,0,-0.984375,0.578125,
0,-0.929688,0.632812,-0.179688,-0.984375,0.554688,
0.234375,-0.914062,0.632812,0.164062,-0.96875,0.554688,
-0.179688,-0.914062,0.632812,-0.328125,-0.96875,0.523438,
0.367188,-0.820312,0.664062,0.234375,-0.914062,0.53125,
-0.234375,-0.820312,0.664062,-0.367188,-0.914062,0.53125,
0.351562,-0.695312,0.6875,0.25,-0.820312,0.570312,
-0.25,-0.695312,0.6875,-0.351562,-0.820312,0.570312,
0.3125,-0.4375,0.710938,0.210938,-0.703125,0.570312,
-0.210938,-0.4375,0.710938,-0.3125,-0.703125,0.570312,
0.4375,-0.046875,0.671875,0.203125,-0.1875,0.53125,
-0.203125,-0.046875,0.671875,-0.4375,-0.1875,0.53125,
0.632812,0.054688,0.671875,0.398438,-0.046875,0.539062,
-0.398438,-0.039062,0.671875,-0.632812,-0.140625,0.53125,
0.828125,0.203125,0.601562,0.632812,-0.039062,0.445312,
-0.632812,0.203125,0.601562,-0.828125,-0.039062,0.445312,
0.859375,0.429688,0.65625,0.726562,0.203125,0.59375,
-0.726562,0.429688,0.601562,-0.859375,0.148438,0.445312,
0.742188,0.484375,0.726562,0.6875,0.375,0.625,
-0.710938,0.484375,0.65625,-0.859375,0.375,0.59375,
0.6875,0.601562,0.796875,0.4375,0.414062,0.6875,
-0.492188,0.601562,0.726562,-0.710938,0.414062,0.625,
0.492188,0.757812,0.835938,0.3125,0.601562,0.6875,
-0.3125,0.757812,0.835938,-0.492188,0.601562,0.6875,
0.3125,0.71875,0.851562,0.15625,0.617188,0.757812,
-0.15625,0.757812,0.835938,-0.320312,0.640625,0.734375,
0.203125,0.617188,0.851562,0.0625,0.429688,0.75,
-0.0625,0.71875,0.851562,-0.203125,0.492188,0.75,
0.101562,0.429688,0.84375,0,0.351562,0.742188,
0,0.492188,0.84375,-0.101562,0.429688,0.742188,
0.25,0.617188,0.851562,0.101562,0.429688,0.757812,
-0.101562,0.46875,0.84375,-0.25,0.414062,0.757812,
0.328125,0.640625,0.835938,0.25,0.46875,0.742188,
-0.25,0.640625,0.835938,-0.328125,0.46875,0.742188,
0.4375,0.640625,0.835938,0.3125,0.476562,0.742188,
-0.328125,0.546875,0.796875,-0.4375,0.4375,0.71875,
0.6875,0.546875,0.796875,0.429688,0.414062,0.71875,
-0.429688,0.4375,0.726562,-0.6875,0.375,0.664062,
0.742188,0.414062,0.726562,0.601562,0.375,0.65625,
-0.601562,0.375,0.664062,-0.742188,0.296875,0.648438,
0.742188,0.375,0.65625,0.640625,0.203125,0.601562,
-0.625,0.296875,0.648438,-0.726562,0.1875,0.601562,
0.726562,0.203125,0.648438,0.617188,0.054688,0.601562,
-0.492188,0.1875,0.671875,-0.625,0.054688,0.625,
0.617188,0.0625,0.671875,0.398438,-0.046875,0.625,
-0.375,0.0625,0.703125,-0.492188,-0.046875,0.671875,
0.398438,0.015625,0.8125,0.125,-0.101562,0.671875,
-0.125,0.09375,0.8125,-0.375,-0.101562,0.703125,
0.203125,0.140625,0.75,0,0.046875,0.726562,
0,0.140625,0.75,-0.203125,0.046875,0.726562,
0.125,0.429688,0.84375,0,0.304688,0.765625,
-0.101562,0.429688,0.84375,-0.164062,0.304688,0.765625,
0.125,0.351562,0.820312,0,0.210938,0.765625,
0,0.351562,0.820312,-0.125,0.210938,0.765625,
0.164062,0.210938,0.765625,0,0.140625,0.75,
0,0.210938,0.765625,-0.164062,0.046875,0.726562,
0.0625,-0.882812,0.695312,0,-0.945312,0.640625,
0,-0.882812,0.695312,-0.0625,-0.945312,0.640625,
0.164062,-0.835938,0.710938,0.0625,-0.929688,0.632812,
-0.0625,-0.835938,0.710938,-0.164062,-0.929688,0.632812,
0.265625,-0.820312,0.710938,0.117188,-0.914062,0.632812,
-0.109375,-0.71875,0.734375,-0.265625,-0.835938,0.664062,
0.210938,-0.445312,0.75,0.078125,-0.6875,0.710938,
-0.078125,-0.445312,0.75,-0.210938,-0.6875,0.710938,
0.265625,-0.703125,0.734375,0.109375,-0.820312,0.664062,
-0.109375,-0.703125,0.734375,-0.265625,-0.820312,0.664062,
0.078125,-0.328125,0.75,0,-0.445312,0.742188,
0,-0.289062,0.75,-0.085938,-0.445312,0.742188,
0.078125,-0.445312,0.75,0,-0.679688,0.734375,
0,-0.445312,0.75,-0.117188,-0.6875,0.734375,
0.117188,-0.679688,0.735375,0,-0.71875,0.734375,
0,-0.679688,0.735375,-0.109375,-0.765625,0.734375,
0.132812,-0.226562,0.796875,0.09375,-0.273438,0.75,
-0.09375,-0.226562,0.796875,-0.132812,-0.273438,0.75,
0.132812,-0.132812,0.796875,0.101562,-0.226562,0.742188,
-0.101562,-0.132812,0.796875,-0.132812,-0.226562,0.742188,
0.109375,-0.125,0.78125,0.039062,-0.148438,0.742188,
0,-0.125,0.78125,-0.101562,-0.148438,0.742188,
0.039062,-0.125,0.796875,0,-0.1875,0.742188,
0.001,-0.140625,0.796875,0,-0.195312,0.742188,
0.09375,-0.273438,0.78125,0,-0.320312,0.742188,
0,-0.289062,0.78125,-0.085938,-0.328125,0.742188,
0.09375,-0.25,0.804688,0,-0.289062,0.78125,
0,-0.273438,0.804688,-0.09375,-0.320312,0.78125,
0.046875,-0.148438,0.828125,0,-0.203125,0.796875,
0,-0.148438,0.828125,-0.046875,-0.203125,0.796875,
0.09375,-0.125,0.8125,0.039062,-0.15625,0.78125,
-0.039062,-0.125,0.8125,-0.09375,-0.15625,0.78125,
0.132812,-0.15625,0.828125,0.09375,-0.226562,0.796875,
-0.09375,-0.132812,0.8125,-0.132812,-0.226562,0.78125,
0.132812,-0.226562,0.828125,0.078125,-0.25,0.796875,
-0.078125,-0.226562,0.828125,-0.132812,-0.25,0.796875,
0.109375,-0.148438,0.828125,0.046875,-0.226562,0.8125,
0,-0.148438,0.828125,-0.109375,-0.226562,0.8125,
0.078125,-0.203125,0.828125,0,-0.289062,0.804688,
0,-0.203125,0.828125,-0.078125,-0.289062,0.804688,
0.125,-0.101562,0.8125,0,-0.148438,0.742188,
0,-0.101562,0.8125,-0.125,-0.148438,0.742188,
0.164062,-0.148438,0.75,0.101562,-0.242188,0.710938,
-0.101562,-0.148438,0.75,-0.164062,-0.242188,0.710938,
0.179688,-0.242188,0.742188,0.085938,-0.3125,0.710938,
-0.085938,-0.226562,0.75,-0.164062,-0.289062,0.710938,
0.210938,-0.3125,0.75,0.078125,-0.445312,0.710938,
-0.078125,-0.289062,0.75,-0.179688,-0.445312,0.710938,
0.257812,-0.3125,0.710938,0.179688,-0.445312,0.554688,
-0.210938,-0.3125,0.710938,-0.3125,-0.445312,0.554688,
0.234375,-0.242188,0.710938,0.164062,-0.3125,0.554688,
-0.179688,-0.25,0.710938,-0.257812,-0.3125,0.554688,
0.203125,-0.101562,0.8125,0.125,-0.242188,0.5625,
-0.125,-0.101562,0.8125,-0.203125,-0.242188,0.5625,
0.09375,-0.742188,0.734375,0,-0.773438,0.71875,
0,-0.71875,0.734375,-0.109375,-0.765625,0.726562,
0.117188,-0.71875,0.734375,0.09375,-0.835938,0.710938,
-0.09375,-0.71875,0.734375,-0.117188,-0.835938,0.710938,
0.117188,-0.820312,0.710938,0.0625,-0.882812,0.695312,
-0.0625,-0.820312,0.710938,-0.117188,-0.882812,0.695312,
0.0625,-0.867188,0.695312,0,-0.890625,0.6875,
0,-0.867188,0.695312,-0.0625,-0.890625,0.6875,
0.046875,-0.851562,0.6875,0,-0.867188,0.632812,
0,-0.859375,0.6875,-0.046875,-0.875,0.632812,
0.09375,-0.8125,0.710938,0.046875,-0.867188,0.640625,
-0.046875,-0.8125,0.710938,-0.09375,-0.867188,0.640625,
0.09475,-0.742188,0.726562,0.09375,-0.820312,0.664062,
-0.09275,-0.742188,0.726562,-0.09375,-0.820312,0.664062,
0.09375,-0.75,0.71875,0,-0.78125,0.65625,
0,-0.742188,0.726562,-0.09375,-0.773438,0.664062,
0.046875,-0.78125,0.65625,0,-0.859375,0.632812,
0,-0.78125,0.65625,-0.046875,-0.859375,0.632812,
0.1875,0.210938,0.773438,0.132812,0.140625,0.75,
-0.132812,0.210938,0.773438,-0.1875,0.140625,0.75,
0.171875,0.304688,0.78125,0.125,0.210938,0.757812,
-0.125,0.304688,0.78125,-0.171875,0.210938,0.757812,
0.210938,0.375,0.78125,0.125,0.296875,0.765625,
-0.125,0.414062,0.78125,-0.210938,0.304688,0.765625,
0.226562,0.15625,0.78125,0.1875,0.09375,0.742188,
-0.164062,0.15625,0.773438,-0.203125,0.09375,0.742188,
0.375,0.09375,0.742188,0.203125,0.015625,0.703125,
-0.203125,0.09375,0.742188,-0.375,0.015625,0.703125,
0.492188,0.101562,0.71875,0.375,0.015625,0.671875,
-0.375,0.101562,0.71875,-0.492188,0.015625,0.671875,
0.625,0.195312,0.679688,0.492188,0.0625,0.648438,
-0.492188,0.195312,0.679688,-0.625,0.0625,0.648438,
0.640625,0.296875,0.6875,0.585938,0.1875,0.648438,
-0.585938,0.296875,0.6875,-0.640625,0.1875,0.648438,
0.601562,0.375,0.695312,0.5625,0.289062,0.664062,
-0.585938,0.375,0.6875,-0.640625,0.289062,0.648438,
0.5625,0.4375,0.773438,0.421875,0.351562,0.695312,
-0.429688,0.4375,0.71875,-0.601562,0.351562,0.664062,
0.429688,0.476562,0.757812,0.328125,0.429688,0.71875,
-0.328125,0.476562,0.757812,-0.429688,0.429688,0.71875,
0.328125,0.476562,0.773438,0.25,0.421875,0.742188,
-0.25,0.476562,0.773438,-0.328125,0.421875,0.742188,
0.25,0.46875,0.78125,0.164062,0.375,0.757812,
-0.164062,0.46875,0.78125,-0.25,0.375,0.757812,
0.28125,0.398438,0.78125,0.210938,0.359375,0.757812,
-0.210938,0.421875,0.78125,-0.28125,0.375,0.765625,
0.335938,0.429688,0.773438,0.273438,0.398438,0.757812,
-0.273438,0.429688,0.773438,-0.335938,0.398438,0.757812,
0.414062,0.429688,0.757812,0.335938,0.390625,0.75,
-0.335938,0.429688,0.773438,-0.421875,0.390625,0.75,
0.53125,0.398438,0.773438,0.414062,0.335938,0.679688,
-0.421875,0.398438,0.773438,-0.5625,0.335938,0.679688,
0.585938,0.351562,0.695312,0.53125,0.289062,0.679688,
-0.53125,0.351562,0.695312,-0.585938,0.289062,0.679688,
0.585938,0.289062,0.6875,0.546875,0.210938,0.671875,
-0.546875,0.289062,0.6875,-0.585938,0.195312,0.671875,
0.578125,0.210938,0.71875,0.476562,0.101562,0.671875,
-0.476562,0.210938,0.71875,-0.578125,0.101562,0.671875,
0.476562,0.117188,0.726562,0.375,0.085938,0.703125,
-0.375,0.101562,0.742188,-0.476562,0.0625,0.71875,
0.375,0.125,0.757812,0.242188,0.0625,0.726562,
-0.226562,0.125,0.78125,-0.375,0.0625,0.742188,
0.242188,0.15625,0.78125,0.1875,0.109375,0.757812,
-0.1875,0.15625,0.78125,-0.242188,0.109375,0.757812,
0.210938,0.375,0.78125,0.179688,0.296875,0.757812,
-0.179688,0.375,0.78125,-0.210938,0.296875,0.757812,
0.195312,0.296875,0.78125,0.171875,0.21875,0.75,
-0.171875,0.296875,0.78125,-0.195312,0.21875,0.75,
0.203125,0.21875,0.78125,0.171875,0.15625,0.75,
-0.171875,0.21875,0.78125,-0.203125,0.15625,0.75,
0.109375,0.492188,0.75,0,0.429688,0.609375,
0,0.492188,0.75,-0.109375,0.429688,0.609375,
0.195312,0.71875,0.757812,0.0625,0.492188,0.617188,
-0.0625,0.71875,0.757812,-0.195312,0.492188,0.617188,
0.335938,0.757812,0.734375,0.195312,0.664062,0.59375,
-0.15625,0.757812,0.757812,-0.320312,0.664062,0.617188,
0.492188,0.6875,0.6875,0.335938,0.554688,0.554688,
-0.320312,0.757812,0.734375,-0.492188,0.601562,0.59375,
0.710938,0.554688,0.625,0.484375,0.453125,0.492188,
-0.484375,0.601562,0.6875,-0.710938,0.484375,0.554688,
0.859375,0.484375,0.625,0.710938,0.40625,0.460938,
-0.710938,0.484375,0.625,-0.859375,0.40625,0.460938,
0.828125,0.40625,0.460938,0.773438,0.148438,0.375,
-0.796875,0.429688,0.59375,-0.859375,0.148438,0.445312,
0.828125,0.148438,0.539062,0.601562,-0.039062,0.414062,
-0.601562,0.148438,0.539062,-0.828125,-0.039062,0.414062,
0.632812,-0.039062,0.539062,0.4375,-0.140625,0.46875,
-0.4375,-0.039062,0.539062,-0.632812,-0.140625,0.46875,
0.179688,-0.414062,0.359375,0,-0.539062,0.257812,
0,-0.484375,0.359375,-0.125,-0.570312,0.28125,
0.140625,-0.539062,0.367188,0,-0.757812,0.320312,
0,-0.570312,0.367188,-0.140625,-0.804688,0.320312,
0.164062,-0.757812,0.4375,0,-0.945312,0.34375,
0,-0.804688,0.460938,-0.164062,-0.976562,0.34375,
0.179688,-0.96875,0.578125,0,-0.984375,0.460938,
0,-0.96875,0.578125,-0.179688,-0.984375,0.460938,
0.328125,-0.945312,0.554688,0.164062,-0.96875,0.4375,
-0.164062,-0.945312,0.554688,-0.328125,-0.96875,0.4375,
0.367188,-0.890625,0.53125,0.328125,-0.945312,0.398438,
-0.328125,-0.890625,0.53125,-0.367188,-0.945312,0.398438,
0.367188,-0.695312,0.570312,0.289062,-0.890625,0.382812,
-0.289062,-0.695312,0.570312,-0.367188,-0.890625,0.382812,
0.289062,-0.539062,0.382812,0.125,-0.757812,0.359375,
-0.125,-0.539062,0.382812,-0.289062,-0.757812,0.359375,
0.328125,-0.757812,0.4375,0.140625,-0.945312,0.367188,
-0.140625,-0.710938,0.398438,-0.328125,-0.914062,0.367188,
0.25,-0.414062,0.390625,0.125,-0.539062,0.257812,
-0.179688,-0.351562,0.40625,-0.25,-0.5,0.257812,
0.351562,-0.4375,0.570312,0.25,-0.695312,0.390625,
-0.25,-0.4375,0.570312,-0.351562,-0.695312,0.390625,
0.234375,-0.226562,0.554688,0.210938,-0.28125,0.429688,
-0.21875,-0.25,0.554688,-0.257812,-0.3125,0.429688,
0.257812,-0.28125,0.554688,0.21875,-0.351562,0.40625,
-0.234375,-0.3125,0.570312,-0.3125,-0.4375,0.40625,
0.234375,-0.171875,0.554688,0.203125,-0.25,0.46875,
-0.203125,-0.171875,0.5625,-0.234375,-0.25,0.5,
0.4375,-0.09375,0.53125,0.203125,-0.171875,0.46875,
-0.203125,-0.140625,0.5625,-0.4375,-0.1875,0.5,
0.34375,0.054688,-0.539062,0,-0.195312,-0.671875,
0,0.070312,-0.664062,-0.335938,-0.195312,-0.828125,
0.34375,-0.148438,-0.265625,0,-0.382812,-0.539062,
0,-0.148438,-0.351562,-0.34375,-0.382812,-0.671875,
0.296875,-0.3125,0.164062,0,-0.390625,-0.351562,
0,-0.3125,0.164062,-0.296875,-0.390625,-0.351562,
0.210938,-0.390625,0.257812,0,-0.460938,0.164062,
0,-0.390625,0.257812,-0.210938,-0.460938,0.164062,
0.21875,-0.28125,0.429688,0.179688,-0.414062,0.164062,
-0.179688,-0.28125,0.429688,-0.234375,-0.414062,0.257812,
0.773438,0.164062,0.414062,0.601562,-0.046875,0.070312,
-0.601562,0.164062,0.414062,-0.773438,-0.046875,0.070312,
0.460938,0.4375,-0.664062,0,0.054688,-0.828125,
0,0.5625,-0.703125,-0.460938,0.070312,-0.851562,
0.453125,0.984375,0.234375,0,0.851562,-0.078125,
0,0.984375,0.289062,-0.453125,0.851562,-0.078125,
0.453125,0.984375,-0.070312,0,0.867188,-0.382812,
0,0.984375,-0.070312,-0.453125,0.867188,-0.382812,
0.460938,0.898438,-0.382812,0,0.4375,-0.703125,
0,0.898438,-0.382812,-0.460938,0.4375,-0.703125,
0.796875,0.453125,0.492188,0.679688,0.40625,0.335938,
-0.679688,0.453125,0.492188,-0.796875,0.40625,0.335938,
0.796875,0.5625,0.335938,0.632812,0.40625,0.125,
-0.632812,0.5625,0.335938,-0.796875,0.40625,0.125,
0.796875,0.703125,0.125,0.640625,0.5625,-0.117188,
-0.640625,0.703125,0.125,-0.796875,0.5625,-0.117188,
0.796875,0.75,-0.117188,0.640625,0.539062,-0.359375,
-0.640625,0.75,-0.117188,-0.796875,0.539062,-0.359375,
0.796875,0.679688,-0.359375,0.617188,0.328125,-0.585938,
-0.617188,0.539062,-0.359375,-0.796875,0.265625,-0.585938,
0.640625,0.867188,-0.382812,0.453125,0.4375,-0.703125,
-0.453125,0.867188,-0.382812,-0.640625,0.4375,-0.703125,
0.640625,0.929688,-0.070312,0.453125,0.75,-0.382812,
-0.453125,0.929688,-0.070312,-0.640625,0.75,-0.382812,
0.640625,0.929688,0.234375,0.453125,0.703125,-0.070312,
-0.453125,0.929688,0.234375,-0.640625,0.703125,-0.070312,
0.632812,0.851562,0.429688,0.453125,0.453125,0.234375,
-0.453125,0.851562,0.429688,-0.632812,0.453125,0.234375,
0.679688,0.523438,0.492188,0.460938,0.453125,0.28125,
-0.460938,0.554688,0.554688,-0.679688,0.453125,0.429688,
0.460938,0.898438,0.429688,0,0.523438,0.234375,
0,0.898438,0.570312,-0.460938,0.523438,0.289062,
0.335938,0.6875,0.617188,0.109375,0.460938,0.59375,
-0.109375,0.6875,0.617188,-0.335938,0.460938,0.59375,
0.484375,0.554688,0.609375,0.109375,0.460938,0.429688,
-0.109375,0.554688,0.609375,-0.484375,0.460938,0.429688,
0.851562,0.40625,0.375,0.726562,0.164062,0.054688,
-0.726562,0.40625,0.460938,-0.796875,0.164062,0.335938,
0.859375,0.5625,0.125,0.796875,0.234375,-0.046875,
-0.796875,0.5625,0.125,-0.859375,0.234375,-0.046875,
0.859375,0.617188,-0.046875,0.796875,0.320312,-0.203125,
-0.796875,0.617188,-0.046875,-0.859375,0.320312,-0.203125,
0.820312,0.617188,-0.117188,0.796875,0.328125,-0.359375,
-0.773438,0.539062,-0.203125,-0.820312,0.265625,-0.4375,
0.429688,-0.171875,0.148438,0.296875,-0.3125,-0.265625,
-0.210938,-0.171875,0.164062,-0.40625,-0.390625,-0.265625,
0.59375,-0.125,0.148438,0.40625,-0.195312,-0.210938,
-0.40625,-0.046875,0.148438,-0.734375,-0.171875,-0.164062,
0.601562,0,0.46875,0.40625,-0.171875,0.148438,
-0.40625,0,0.46875,-0.601562,-0.171875,0.148438,
0.4375,-0.09375,0.46875,0.210938,-0.28125,0.429688,
-0.210938,-0.09375,0.46875,-0.4375,-0.28125,0.429688,
0.640625,0.328125,-0.429688,0.484375,-0.007812,-0.585938,
-0.617188,0.328125,-0.429688,-0.773438,-0.007812,-0.585938,
0.617188,0.328125,-0.546875,0.335938,0.023438,-0.664062,
-0.335938,0.4375,-0.585938,-0.617188,0.054688,-0.703125,
0.640625,0.023438,-0.210938,0.429688,-0.195312,-0.546875,
-0.429688,-0.00781199,-0.164062,-0.640625,-0.195312,-0.429688,
0.484375,0.023438,-0.210938,0.34375,-0.195312,-0.546875,
-0.296875,-0.148438,-0.210938,-0.429688,-0.3125,-0.539062,
1.01563,0.414062,-0.21875,0.890625,0.359375,-0.289062,
-0.890625,0.476562,-0.234375,-1.02344,0.40625,-0.3125,
1.1875,0.476562,-0.289062,1.01563,0.414062,-0.390625,
-1.01563,0.476562,-0.289062,-1.1875,0.414062,-0.390625,
1.35156,0.4375,-0.390625,1.1875,0.289062,-0.421875,
-1.1875,0.507812,-0.390625,-1.35156,0.320312,-0.421875,
1.28125,0.289062,-0.40625,1.21094,0.054688,-0.429688,
-1.26563,0.320312,-0.40625,-1.35156,0.054688,-0.429688,
1.21094,0.078125,-0.304688,1.03125,-0.101562,-0.40625,
-1.03906,0.078125,-0.328125,-1.28125,-0.101562,-0.429688,
1.03906,-0.039062,-0.132812,0.828125,-0.101562,-0.328125,
-0.828125,-0.039062,-0.132812,-1.03906,-0.101562,-0.328125,
1.03906,0,-0.210938,0.882812,-0.039062,-0.367188,
-0.882812,0,-0.210938,-1.03906,-0.039062,-0.367188,
1.21094,0.09375,-0.367188,1.03906,0,-0.445312,
-1.03906,0.09375,-0.367188,-1.21094,0,-0.445312,
1.23438,0.25,-0.40625,1.1875,0.078125,-0.445312,
-1.21094,0.289062,-0.40625,-1.26563,0.078125,-0.445312,
1.26563,0.359375,-0.40625,1.17188,0.25,-0.445312,
-1.17188,0.4375,-0.390625,-1.26563,0.289062,-0.4375,
1.1875,0.4375,-0.359375,1.02344,0.34375,-0.4375,
-1.01563,0.4375,-0.289062,-1.1875,0.34375,-0.390625,
1.01563,0.414062,-0.21875,0.921875,0.304688,-0.289062,
-0.921875,0.414062,-0.21875,-1.01563,0.304688,-0.289062,
0.726562,0,-0.070312,0.59375,-0.125,-0.171875,
-0.59375,0,0.070312,-0.734375,-0.125,-0.164062,
0.828125,-0.023438,-0.125,0.71875,-0.140625,-0.171875,
-0.59375,-0.023438,-0.125,-0.773438,-0.140625,-0.171875,
0.851562,0.234375,0.070312,0.726562,-0.046875,-0.070312,
-0.726562,0.234375,0.070312,-0.851562,-0.046875,-0.070312,
0.921875,0.359375,-0.203125,0.820312,0.289062,-0.21875,
-0.820312,0.359375,-0.203125,-0.921875,0.289062,-0.21875,
0.882812,-0.015625,-0.132812,0.8125,-0.070312,-0.273438,
-0.8125,-0.015625,-0.132812,-0.882812,-0.070312,-0.273438,
0.8125,0.039062,-0.171875,0.71875,-0.023438,-0.273438,
-0.71875,0.039062,-0.1875,-0.84375,-0.015625,-0.273438,
0.84375,0.09375,-0.1875,0.71875,0.015625,-0.273438,
-0.71875,0.09375,-0.1875,-0.84375,0.015625,-0.273438,
0.796875,0.203125,-0.1875,0.71875,0.039062,-0.273438,
-0.757812,0.203125,-0.210938,-0.835938,0.09375,-0.273438,
0.890625,0.242188,-0.210938,0.796875,0.171875,-0.273438,
-0.796875,0.289062,-0.210938,-0.890625,0.203125,-0.265625,
0.945312,0.304688,-0.210938,0.84375,0.242188,-0.289062,
-0.84375,0.359375,-0.210938,-0.945312,0.289062,-0.289062,
0.859375,0.320312,-0.046875,0.796875,0.203125,-0.210938,
-0.796875,0.320312,-0.046875,-0.859375,0.203125,-0.210938,
0.796875,0.203125,-0.070312,0.71875,0,-0.210938,
-0.726562,0.320312,-0.046875,-0.859375,0,-0.210938,
0.945312,0.304688,-0.265625,0.890625,0.234375,-0.320312,
-0.890625,0.304688,-0.265625,-0.945312,0.234375,-0.320312,
0.890625,0.234375,-0.273438,0.835938,0.171875,-0.320312,
-0.835938,0.242188,-0.265625,-0.890625,0.171875,-0.320312,
0.835938,0.171875,-0.273438,0.757812,0.09375,-0.320312,
-0.757812,0.171875,-0.273438,-0.835938,0.09375,-0.320312,
0.828125,0.09375,-0.273438,0.765625,0.078125,-0.320312,
-0.757812,0.09375,-0.273438,-0.820312,0.085938,-0.320312,
0.851562,0.078125,-0.273438,0.828125,0.015625,-0.320312,
-0.820312,0.085938,-0.273438,-0.84375,0.015625,-0.320312,
0.84375,0.015625,-0.273438,0.8125,-0.015625,-0.320312,
-0.8125,0.015625,-0.273438,-0.84375,-0.015625,-0.320312,
0.882812,-0.015625,-0.210938,0.8125,-0.023438,-0.273438,
-0.8125,-0.015625,-0.210938,-0.882812,-0.023438,-0.273438,
1.02344,0.34375,-0.289062,0.945312,0.289062,-0.359375,
-0.945312,0.34375,-0.289062,-1.02344,0.289062,-0.359375,
1.17188,0.359375,-0.359375,1.02344,0.328125,-0.4375,
-1.02344,0.359375,-0.359375,-1.17188,0.328125,-0.4375,
1.23438,0.359375,-0.4375,1.17188,0.25,-0.484375,
-1.17188,0.359375,-0.4375,-1.23438,0.25,-0.484375,
1.25781,0.25,-0.445312,1.21094,0.085938,-0.492188,
-1.1875,0.25,-0.445312,-1.23438,0.085938,-0.484375,
1.21094,0.09375,-0.421875,1.04688,0,-0.484375,
-1.03906,0.09375,-0.367188,-1.1875,0,-0.445312,
1.04688,0,-0.265625,0.882812,-0.015625,-0.421875,
-0.882812,0,-0.210938,-1.03906,-0.023438,-0.367188,
0.9375,0.109375,-0.320312,0.851562,0.015625,-0.335938,
-0.828125,0.109375,-0.320312,-0.890625,0.015625,-0.328125,
1,0.171875,-0.335938,0.9375,0.0625,-0.367188,
-0.890625,0.171875,-0.328125,-0.960938,0.0625,-0.351562,
1.05469,0.1875,-0.351562,0.960938,0.125,-0.382812,
-0.960938,0.1875,-0.351562,-1.05469,0.125,-0.382812,
1.10938,0.273438,-0.382812,1.05469,0.1875,-0.390625,
-1.01563,0.273438,-0.375,-1.08594,0.1875,-0.390625,
1.03906,0.328125,-0.34375,0.953125,0.234375,-0.414062,
-0.953125,0.328125,-0.34375,-1.03906,0.234375,-0.414062,
1.01563,0.289062,-0.34375,0.953125,0.171875,-0.375,
-0.890625,0.289062,-0.320312,-0.960938,0.171875,-0.351562,
0.960938,0.171875,-0.320312,0.84375,0.109375,-0.351562,
-0.84375,0.234375,-0.320312,-0.960938,0.171875,-0.351562,
0.890625,0.171875,-0.320312,0.828125,0.078125,-0.328125,
-0.828125,0.171875,-0.320312,-0.890625,0.078125,-0.328125,
0.9375,0.0625,-0.265625,0.851562,-0.015625,-0.335938,
-0.8125,0.015625,-0.265625,-0.882812,-0.015625,-0.320312,
1.04688,0.125,-0.335938,0.9375,0,-0.421875,
-0.9375,0.125,-0.335938,-1.04688,0,-0.421875,
1.05469,0.1875,-0.367188,1,0,-0.421875,
-1.04688,0.1875,-0.382812,-1.21094,0,-0.484375,
1.21094,0.210938,-0.382812,1.05469,0.085938,-0.484375,
-1.10938,0.242188,-0.390625,-1.25781,0.085938,-0.492188,
1.1875,0.34375,-0.390625,1.08594,0.210938,-0.484375,
-1.08594,0.34375,-0.390625,-1.1875,0.210938,-0.484375,
1.03906,-0.101562,-0.125,0.773438,-0.140625,-0.328125,
-0.773438,-0.101562,-0.125,-1.03906,-0.140625,-0.328125,
1.28125,0.054688,-0.328125,1.03906,-0.101562,-0.492188,
-1.03906,0.054688,-0.328125,-1.28125,-0.101562,-0.492188,
1.36719,0.296875,-0.429688,1.28125,0.054688,-0.53125,
-1.28125,0.320312,-0.421875,-1.36719,0.054688,-0.5,
1.36719,0.46875,-0.421875,1.25,0.296875,-0.546875,
-1.23438,0.507812,-0.421875,-1.35156,0.320312,-0.546875,
1.25,0.507812,-0.421875,1.02344,0.4375,-0.546875,
-1.02344,0.507812,-0.3125,-1.23438,0.4375,-0.484375,
1.02344,0.476562,-0.3125,0.859375,0.382812,-0.484375,
-0.859375,0.476562,-0.234375,-1.02344,0.382812,-0.382812,
1.03906,0.382812,-0.328125,0.789062,-0.125,-0.492188,
-0.859375,0.4375,-0.382812,-1.03906,-0.085938,-0.492188,
1.3125,0.46875,-0.484375,1.02344,0.054688,-0.546875,
-1.02344,0.46875,-0.484375,-1.3125,0.054688,-0.546875,
0.890625,0.40625,-0.203125,0.820312,0.328125,-0.382812,
-0.773438,0.382812,-0.203125,-0.859375,0.265625,-0.4375,
0.859375,0.382812,-0.328125,0.773438,-0.125,-0.4375,
-0.773438,0.382812,-0.328125,-0.859375,-0.125,-0.4375,
0.789062,-0.007812,-0.164062,0.59375,-0.125,-0.429688,
-0.59375,-0.007812,-0.164062,-0.789062,-0.125,-0.429688,
